id;tech_id;remote_id;nom;prenom;naissance;genre;num_carte_cli;d_carte_util;tel;email;photo_id;description;est_actif;cree_le;cree_par;modif_le;modif_par
1;Ergonomic target;72314;fresh-thinking;utilize Incredible P;2019-06-20T19:19:59;HOMME;SQL Taka;2019-06-21T12:01:13;synthesizi;Amber71@yahoo.com;Dalasi white;foreground virtual Marketing;false;2019-06-21T08:20:33;Garden Mississippi overriding;2019-06-21T01:33:18;silver Kids
2;killer;64781;Concrete SMS Cambrid;Passage generating;2019-06-21T01:25:08;HOMME;Multi-lateral progra;2019-06-20T18:59:24;virtual;Kelton14@yahoo.com;synthesize foreground Avon;RAM;true;2019-06-20T23:37:17;Gorgeous Soft Shirt artificial intelligence Electronics;2019-06-21T02:27:49;Handmade Plastic Soap circuit Awesome Fresh Shoes
3;end-to-end;94044;Incredible Security ;local;2019-06-20T18:30:20;HOMME;functionalities seiz;2019-06-20T16:15:32;Burundi Fr;Lora_Sporer0@hotmail.com;Ball;SMTP Chips radical;false;2019-06-20T15:54:44;Palladium data-warehouse Sleek;2019-06-20T19:58:01;invoice Ergonomic Plastic Shoes
4;syndicate ADP Locks;11097;withdrawal;clicks-and-mortar Re;2019-06-20T18:59:54;FEMME;RSS circuit;2019-06-20T23:11:08;wireless;Lenora39@hotmail.com;Branding;monitor;false;2019-06-20T15:20:26;Fantastic Metal Fish Extensions;2019-06-21T00:49:50;Gorgeous Fantastic Metal Car bypassing
5;Borders attitude-oriented calculating;1469;iterate;backing up bandwidth;2019-06-20T15:57:30;FEMME;Tunisia;2019-06-21T00:26:51;Clothing;Seth51@yahoo.com;Syrian Pound hub;reciprocal sky blue Frozen;true;2019-06-21T11:43:02;Movies navigate;2019-06-20T19:21:32;Wooden global
6;encoding;34180;firewall Future-proo;Toys monitoring;2019-06-20T23:12:56;FEMME;Tonga;2019-06-20T18:48:59;Auto Loan ;Ella71@gmail.com;Functionality;Berkshire bypass;false;2019-06-20T22:36:40;West Virginia;2019-06-20T14:57:57;Seamless Yemen payment
7;Infrastructure Licensed;36568;Re-contextualized;Savings Account;2019-06-20T17:13:30;HOMME;Frozen;2019-06-20T19:15:49;invoice or;Ludie.Gerlach94@hotmail.com;B2B sensor Togo;feed;false;2019-06-20T22:10:06;Solutions;2019-06-21T02:47:42;Monitored Rustic Cotton Sausages
8;Saint Martin;24189;Cambridgeshire Codes;Money Market Account;2019-06-20T16:26:34;FEMME;Awesome Wooden Pizza;2019-06-21T09:42:36;Handcrafte;Gisselle_Fisher@hotmail.com;orchid;Cambridgeshire repurpose Metrics;true;2019-06-21T01:03:42;high-level;2019-06-21T04:14:34;Savings Account Intelligent Rubber Chair Supervisor
9;synthesizing;73212;collaborative Codes ;Strategist index Piz;2019-06-21T03:17:06;HOMME;back-end Infrastruct;2019-06-20T20:24:17;XML Checki;Flo_Hirthe22@hotmail.com;deposit gold circuit;Buckinghamshire primary Managed;false;2019-06-21T14:01:49;Turnpike deposit;2019-06-21T11:53:11;bottom-line recontextualize Principal
10;Avon Buckinghamshire Berkshire;63544;Handmade Automotive;Division;2019-06-21T00:52:47;FEMME;Engineer mesh Louisi;2019-06-21T04:45:22;overriding;Terrill2@hotmail.com;overriding back up;Industrial;false;2019-06-21T11:10:27;Cedi User-friendly interfaces;2019-06-20T21:28:15;New Jersey convergence
