id;tech_id;remote_id;genre;num_carte_uti;date_carte_uti;photo_id;description;est_actif;cree_le;cree_par;modif_le;modif_par
1;Licensed withdrawal Quality;80888;FEMME;Gorgeous Fresh Chees;2019-06-20T22:54:22;District deposit;Senior Motorway;true;2019-06-21T11:07:35;matrix;2019-06-21T02:26:14;Aruban Guilder Small Steel Fish
2;deposit primary Small;3557;FEMME;holistic reboot invo;2019-06-21T10:17:08;Shirt Awesome;synthesizing Gorgeous Cotton Chair;false;2019-06-21T12:45:30;Agent regional;2019-06-20T20:16:09;Personal Loan Account
3;Djibouti Franc Music;25541;HOMME;Unbranded Frozen Glo;2019-06-21T07:42:10;Executive Investment Account;Legacy Slovenia;true;2019-06-20T22:58:30;Steel;2019-06-21T06:36:43;Communications
4;Fantastic;37599;FEMME;Response;2019-06-21T08:57:14;Metal tan TCP;Specialist New Taiwan Dollar;false;2019-06-20T18:03:28;compressing Global Proactive;2019-06-20T20:36:34;Wall
5;input Rhode Island Tuna;5385;FEMME;Engineer Operations ;2019-06-21T11:34:08;bandwidth parsing tan;Pizza bricks-and-clicks;false;2019-06-21T01:43:00;Pennsylvania Borders array;2019-06-21T01:10:12;Burundi Franc
6;New York PNG initiatives;16084;FEMME;circuit Engineer Int;2019-06-21T05:05:41;bluetooth orange Saint Barthelemy;generating Savings Account Indian Rupee;false;2019-06-20T19:55:10;Macedonia Sports;2019-06-20T20:28:00;Sports back up ivory
7;navigate Croatian Kuna hack;84197;HOMME;Liaison 24/365;2019-06-21T03:57:50;application SSL;Cotton withdrawal;false;2019-06-20T22:02:09;Books;2019-06-20T23:51:37;e-business
8;evolve engage RSS;51010;HOMME;Oklahoma;2019-06-21T01:16:29;Investment Account;Auto Loan Account Money Market Account Sports;false;2019-06-21T02:46:20;Rustic Handcrafted Plastic Fish;2019-06-20T19:53:35;program neural Borders
9;enable Plastic;73550;FEMME;Auto Loan Account;2019-06-20T21:04:29;Producer Paradigm deposit;payment Buckinghamshire;false;2019-06-21T11:53:25;methodologies calculating scale;2019-06-21T01:00:20;Hawaii Towels holistic
10;Chair Netherlands Antillian Guilder;58581;FEMME;Brand systematic eye;2019-06-20T17:47:06;indexing turquoise;vortals Applications panel;true;2019-06-21T12:47:45;circuit;2019-06-21T02:48:55;users driver bypass
