id;tech_id;remote_id;login;mdp;nom;prenom;date_naissance;telephone;email;date_maj_mdp;status_connexion;est_actif;cree_le;cree_par;modif_le;modif_par
1;deposit Orchestrator;4821;Facili;Facilitator transmit;Iowa;Refined withdrawal c;2019-06-20T16:30:52;(489) 787-3488 ;Abraham63@yahoo.com;2019-06-21T05:56:07;true;false;2019-06-21T01:12:29;disintermediate Jordan Savings Account;2019-06-21T01:38:02;eyeballs Movies
2;Savings Account Pakistan Rupee;61949;Mill d;indexing Lead;leading-edge enable ;Operative Place;2019-06-21T05:15:56;587.779.5081 x4;Stan65@gmail.com;2019-06-20T16:28:54;false;false;2019-06-21T09:59:55;Inlet yellow Shoes;2019-06-20T23:54:51;Fiji
3;system engine haptic Moldova;31130;Credit;morph Administrator bypassing;Computer Dong;haptic;2019-06-21T10:18:01;1-217-512-9944 ;Alta.Leffler@yahoo.com;2019-06-20T15:53:49;false;true;2019-06-20T23:25:08;Cambridgeshire Savings Account digital;2019-06-20T23:12:43;Shirt next-generation
4;Legacy efficient Exclusive;78052;object;navigating New Leu primary;Savings Account Land;Re-engineered;2019-06-20T17:52:06;(425) 010-3626 ;Lonny49@yahoo.com;2019-06-21T11:19:40;true;false;2019-06-21T11:27:21;Russian Ruble deploy;2019-06-21T04:27:13;monitor Lek
5;innovative bypassing Credit Card Account;33722;Produc;Generic;Savings Account mone;extensible Practical;2019-06-21T13:06:27;(802) 652-8566 ;Clarissa99@gmail.com;2019-06-21T05:38:49;true;false;2019-06-21T01:20:37;system Hill Awesome Rubber Computer;2019-06-20T15:44:51;Tuna El Salvador Colon US Dollar mint green
6;partnerships content;82180;Garden;Markets Cross-group;Liaison Industrial;Accounts Dominican R;2019-06-21T02:13:39;(620) 778-1685;Carmine3@hotmail.com;2019-06-21T11:54:24;false;false;2019-06-21T08:24:56;dynamic Incredible;2019-06-20T16:14:37;Lithuania
7;navigating;27970;Commun;Forward;Wyoming Texas;tan Markets;2019-06-21T11:56:15;1-863-685-8781 ;Armando.Hammes@hotmail.com;2019-06-21T10:33:57;false;true;2019-06-21T09:21:49;Metrics North Carolina;2019-06-20T16:20:42;Connecticut Throughway synergy
8;Avon Personal Loan Account;76480;Gloves;withdrawal;Sleek Steel Hat;Versatile;2019-06-21T12:48:40;1-791-453-9584 ;Aaliyah61@yahoo.com;2019-06-21T00:16:09;true;false;2019-06-21T11:04:54;Awesome Soft Mouse Ferry;2019-06-21T13:20:04;Producer Generic Metal Gloves
9;communities Keyboard Rustic;78269;attitu;Saudi Riyal;Home Loan Account;Manager open-source;2019-06-20T23:57:55;316-658-4717;Gunnar.Kirlin@hotmail.com;2019-06-21T06:13:43;false;true;2019-06-21T04:47:29;hacking interface;2019-06-20T20:16:02;Computers infrastructures Land
10;open-source;58214;Belize;Sports;Personal Loan Accoun;primary;2019-06-20T15:42:03;431-256-4482;Callie15@gmail.com;2019-06-20T17:58:43;false;false;2019-06-20T21:02:02;Station maximize;2019-06-21T05:15:47;Key mobile Direct
